{
    "__JSON__": true,
    "AUTHOR": "Marisel",
    "theme": "PRINCESS_TIARA",
    "LANGUAGE": "English",
    "LANGCODE": "en",  
    "STRINGS": { 
        "updater": { 
            "UPDATE": "Bot is up to date.",
            "UPDATED_LOCAL": "Updated Bot successfully"
        },  
        "global": {      
            "botName": "PRINCESS TIARA",
            "body": "Simple WhatsApp Bot", 
            "greet2" : "GoodDay SIR",
            "pic1": "https://telegra.ph/file/2fae4694db3e2b87fcdbb.jpg", 
            "pic2": "https://telegra.ph/file/2fae4694db3e2b87fcdbb.jpg", 
            "pic3": "https://telegra.ph/file/2fae4694db3e2b87fcdbb.jpg", 
            "pic4": "https://telegra.ph/file/2fae4694db3e2b87fcdbb.jpg", 
            "pic5": "https://telegra.ph/file/2fae4694db3e2b87fcdbb.jpg", 
            "greet" : "Hey there",
            "dotbody" : "Oh Marisel My Creator.",
            "emojii" : "🍑", 
            "promote": "Tiara is an Admin",
            "pmallow": "Hello &user Do not Spam",
            "permited": "Hello Sir you Can Message Me Now.", 
            "revoked" : "Hello sir your Permission was rejected.",
            "demote": "Admin Role Taken back",
            "antlink": "Link Detected.\n*I Have rremoved the violator*",
            "session": "\n kepp your session id safe sir",
            "mention": "Tag my owner",
            "title": "PRINCESS TIARA",
            "footer": "PRINCESS TIARA",
            "by": "Made by Marisel",
            "chat_desc": "Options Avilable* : 1. mute\n2. unmute\n3. archive\n4. unarchive\n5. read\n6. unread\n7. delete",
            "success": "Done ✓",
            "dot": "Hi, Did you mean *-help?*\n just.. don't bother me while I'm eating ramen",
            "couple_male": "*I'm pretty sure I can't live without being helped!*",
            "couple_female": "*I'm pretty sure I can't live without being helped!*",
            "admin": "Only Group Admin can use this Command.",
            "botAdmin": "Make me an Admin to take action.",
            "owner": "It's for my owner only.",
            "group": "It's for group only.",
            "private": "It for my Owner only.",
            "bot": "It is for my Owner Only.",
            "wait": "Processing..."
        },
        "error": {
            "text": "Dont touch me."
        }
    } 
  }
